SampleID,RainfallTreatmentID,PlotID,StudyID,ElapsedTimeSinceRainfallStarted_Minutes,ElapsedTimeSinceRunoffStarted_Minutes,CummulativeRunoffVolumeSinceRunoffStarted_Liters
D -109-C-5,R_109_D,109,D,55,5,1.76
D -109-C-10,R_109_D,109,D,60,10,4.45
D -109-C-15,R_109_D,109,D,65,15,7.59
D -109-C-20,R_109_D,109,D,70,20,11.03
D -109-C-30,R_109_D,109,D,80,30,18.47
D-109-C-30-T1,R_109_D,109,D,85,30,18.47
D-109-C-30-T2,R_109_D,109,D,85,30,18.47
D -109-C-60,R_109_D,109,D,110,60,43.76
D-109-C-T1,R_109_D,109,D,115,60,43.76
D-109-C-T2,R_109_D,109,D,115,60,43.76
D-110-X-5,R_110_D,110,D,41,5,0.76
D-110-X-10,R_110_D,110,D,46,10,2.14
D-110-X-15,R_110_D,110,D,51,15,4.30
D-110-X-20,R_110_D,110,D,61,20,7.10
D-110-X-30,R_110_D,110,D,71,30,14.10
D-110-X-30-T1,R_110_D,110,D,76,30,14.10
D-110-X-30-T2,R_110_D,110,D,76,30,14.10
D-110-X-60,R_110_D,110,D,96,60,39.98
D-110-X-T1,R_110_D,110,D,101,60,39.98
D-110-X-T2,R_110_D,110,D,101,60,39.98
D-101-S-5,R_101_D,101,D,39,5,1.87
D-101-S-10,R_101_D,101,D,44,10,4.46
D-101-S-15,R_101_D,101,D,49,15,7.56
D-101-S-20,R_101_D,101,D,54,20,11.06
D-101-S-30,R_101_D,101,D,64,30,18.00
D-101-S-30-T1,R_101_D,101,D,69,30,18.00
D-101-S-30-T2,R_101_D,101,D,69,30,18.00
D-101-S-60,R_101_D,101,D,94,60,40.62
D-101-S-T1,R_101_D,101,D,99,60,40.62
D-101-S-T2,R_101_D,101,D,99,60,40.62
D-102-P-5,R_102_D,102,D,39,5,1.04
D-102-P-10,R_102_D,102,D,44,10,2.77
D-102-P-15,R_102_D,102,D,49,15,4.93
D-102-P-20,R_102_D,102,D,54,20,7.30
D-102-P-30,R_102_D,102,D,64,30,12.05
D-102-P-30-T1,R_102_D,102,D,69,30,12.05
D-102-P-30-T2,R_102_D,102,D,69,30,12.05
D-102-P-60,R_102_D,102,D,94,60,26.98
D-102-P-T1,R_102_D,102,D,99,60,26.98
D-102-P-T2,R_102_D,102,D,99,60,26.98
D-203-P-5,R_203_D,203,D,63,5,0.62
D-203-P-10,R_203_D,203,D,68,10,1.65
D-203-P-15,R_203_D,203,D,73,15,3.01
D-203-P-20,R_203_D,203,D,78,20,4.76
D-203-P-30,R_203_D,203,D,88,30,8.88
D-203-P-30-T1,R_203_D,203,D,93,30,8.88
D-203-P-30-T2,R_203_D,203,D,93,30,8.88
D-203-P-60,R_203_D,203,D,118,60,23.23
D-203-P-T1,R_203_D,203,D,123,60,23.23
D-203-P-T2,R_203_D,203,D,123,60,23.23
D-204-X-5,R_204_D,204,D,48,5,1.76
D-204-X-10,R_204_D,204,D,53,10,4.49
D-204-X-15,R_204_D,204,D,58,15,7.75
D-204-X-20,R_204_D,204,D,63,20,11.53
D-204-X-30,R_204_D,204,D,73,30,19.65
D-204-X-30-T1,R_204_D,204,D,78,30,19.65
D-204-X-30-T2,R_204_D,204,D,78,30,19.65
D-204-X-60,R_204_D,204,D,103,60,45.82
D-204-X-T1,R_204_D,204,D,108,60,45.82
D-204-X-T2,R_204_D,204,D,108,60,45.82
D-205-C-5,R_205_D,205,D,5,5,1.57
D-205-C-10,R_205_D,205,D,10,10,2.90
D-205-C-15,R_205_D,205,D,15,15,4.66
D-205-C-20,R_205_D,205,D,20,20,7.17
D-205-C-30,R_205_D,205,D,30,30,13.75
D-205-C-30-T1,R_205_D,205,D,35,30,13.75
D-205-C-30-T2,R_205_D,205,D,35,30,13.75
D-205-C-60,R_205_D,205,D,60,60,42.03
D-205-C-T1,R_205_D,205,D,65,60,42.03
D-205-C-T2,R_205_D,205,D,65,60,42.03
D-206-P-5,R_206_D,206,D,64,5,0.75
D-206-P-10,R_206_D,206,D,69,10,1.72
D-206-P-15,R_206_D,206,D,74,15,3.00
D-206-P-20,R_206_D,206,D,79,20,4.50
D-206-P-30,R_206_D,206,D,89,30,8.09
D-206-P-30-T1,R_206_D,206,D,94,30,8.09
D-206-P-30-T2,R_206_D,206,D,94,30,8.09
D-206-P-60,R_206_D,206,D,119,60,21.50
D-206-P-T1,R_206_D,206,D,124,60,21.50
D-206-P-T2,R_206_D,206,D,124,60,21.50
D-405-X-5,R_405_D,405,D,42,5,1.67
D-405-X-10,R_405_D,405,D,47,10,4.07
D-405-X-15,R_405_D,405,D,52,15,7.18
D-405-X-20,R_405_D,405,D,57,20,10.91
D-405-X-30,R_405_D,405,D,67,30,20.13
D-405-X-30-T1,R_405_D,405,D,72,30,20.13
D-405-X-30-T2,R_405_D,405,D,72,30,20.13
D-405-X-60,R_405_D,405,D,97,60,52.70
D-405-X-T1,R_405_D,405,D,102,60,52.70
D-405-X-T2,R_405_D,405,D,102,60,52.70
D-406-S-5,R_406_D,406,D,47,5,1.25
D-406-S-10,R_406_D,406,D,52,10,4.02
D-406-S-15,R_406_D,406,D,57,15,8.59
D-406-S-20,R_406_D,406,D,62,20,14.22
D-406-S-30,R_406_D,406,D,72,30,26.83
D-406-S-30-T1,R_406_D,406,D,77,30,26.83
D-406-S-30-T2,R_406_D,406,D,77,30,26.83
D-406-S-60,R_406_D,406,D,102,60,68.50
D-406-S-T1,R_406_D,406,D,107,60,68.50
D-406-S-T2,R_406_D,406,D,107,60,68.50
D-411-S-5,R_411_D,411,D,94,5,0.79
D-411-S-10,R_411_D,411,D,99,10,1.79
D-411-S-15,R_411_D,411,D,104,15,3.07
D-411-S-20,R_411_D,411,D,109,20,4.22
D-411-S-30,R_411_D,411,D,119,30,7.01
D-411-S-30-T1,R_411_D,411,D,124,30,7.01
D-411-S-30-T2,R_411_D,411,D,124,30,7.01
D-411-S-60,R_411_D,411,D,149,60,17.44
D-411-S-T1,R_411_D,411,D,154,60,17.44
D-411-S-T2,R_411_D,411,D,154,60,17.44
D-412-C-5,R_412_D,412,D,99,5,0.70
D-412-C-10,R_412_D,412,D,104,10,1.85
D-412-C-15,R_412_D,412,D,109,15,3.25
D-412-C-20,R_412_D,412,D,114,20,4.99
D-412-C-30,R_412_D,412,D,124,30,8.80
D-412-C-30-T1,R_412_D,412,D,129,30,8.80
D-412-C-30-T2,R_412_D,412,D,129,30,8.80
D-412-C-60,R_412_D,412,D,154,60,22.69
D-412-C-T1,R_412_D,412,D,159,60,22.69
D-412-C-T2,R_412_D,412,D,159,60,22.69
D-502-S-5,R_502_D,502,D,37,5,1.80
D-502-S-10,R_502_D,502,D,42,10,4.73
D-502-S-15,R_502_D,502,D,47,15,8.80
D-502-S-20,R_502_D,502,D,52,20,13.54
D-502-S-30,R_502_D,502,D,62,30,23.79
D-502-S-30-T1,R_502_D,502,D,67,30,23.79
D-502-S-30-T2,R_502_D,502,D,67,30,23.79
D-502-S-60,R_502_D,502,D,92,60,58.49
D-502-S-T1,R_502_D,502,D,97,60,58.49
D-502-S-T2,R_502_D,502,D,97,60,58.49
D-501-X-5,R_501_D,501,D,63,5,2.32
D-501-X-10,R_501_D,501,D,68,10,5.43
D-501-X-15,R_501_D,501,D,73,15,8.91
D-501-X-20,R_501_D,501,D,78,20,12.71
D-501-X-30,R_501_D,501,D,88,30,20.67
D-501-X-30-T1,R_501_D,501,D,93,30,20.67
D-501-X-30-T2,R_501_D,501,D,93,30,20.67
D-501-X-60,R_501_D,501,D,118,60,48.68
D-501-X-T1,R_501_D,501,D,123,60,48.68
D-501-X-T2,R_501_D,501,D,123,60,48.68
D-107-C-5,R_107_D,107,D,60,5,1.00
D-107-C-10,R_107_D,107,D,65,10,2.80
D-107-C-15,R_107_D,107,D,70,15,5.25
D-107-C-20,R_107_D,107,D,75,20,7.95
D-107-C-30,R_107_D,107,D,85,30,14.15
D-107-C-30-T1,R_107_D,107,D,90,30,14.15
D-107-C-30-T2,R_107_D,107,D,90,30,14.15
D-107-C-60,R_107_D,107,D,115,60,36.41
D-107-C-T1,R_107_D,107,D,120,60,36.41
D-107-C-T2,R_107_D,107,D,120,60,36.41
D-108-P-5,R_108_D,108,D,64,5,0.96
D-108-P-10,R_108_D,108,D,69,10,2.51
D-108-P-15,R_108_D,108,D,74,15,4.56
D-108-P-20,R_108_D,108,D,79,20,7.22
D-108-P-30,R_108_D,108,D,89,30,12.48
D-108-P-30-T1,R_108_D,108,D,94,30,12.48
D-108-P-30-T2,R_108_D,108,D,94,30,12.48
D-108-P-60,R_108_D,108,D,119,60,33.03
D-108-P-T1,R_108_D,108,D,124,60,33.03
D-108-P-T2,R_108_D,108,D,124,60,33.03
D-209-C-5,R_209_D,209,D,68,5,0.82
D-209-C-10,R_209_D,209,D,73,10,2.00
D-209-C-15,R_209_D,209,D,78,15,3.48
D-209-C-20,R_209_D,209,D,83,20,5.27
D-209-C-30,R_209_D,209,D,93,30,9.49
D-209-C-30-T1,R_209_D,209,D,98,30,9.49
D-209-C-30-T2,R_209_D,209,D,98,30,9.49
D-209-C-60,R_209_D,209,D,123,60,27.54
D-209-C-T1,R_209_D,209,D,128,60,27.54
D-209-C-T2,R_209_D,209,D,128,60,27.54
D-210-S-5,R_210_D,210,D,93,5,0.66
D-210-S-10,R_210_D,210,D,98,10,1.53
D-210-S-15,R_210_D,210,D,103,15,2.60
D-210-S-20,R_210_D,210,D,108,20,4.06
D-210-S-30,R_210_D,210,D,118,30,8.60
D-210-S-30-T1,R_210_D,210,D,123,30,8.60
D-210-S-30-T2,R_210_D,210,D,123,30,8.60
D-210-S-60,R_210_D,210,D,148,60,27.49
D-210-S-T1,R_210_D,210,D,153,60,27.49
D-210-S-T2,R_210_D,210,D,153,60,27.49
D-111-S-5,R_111_D,111,D,104,5,0.85
D-111-S-10,R_111_D,111,D,109,10,2.04
D-111-S-15,R_111_D,111,D,114,15,3.41
D-111-S-20,R_111_D,111,D,119,20,5.19
D-111-S-30,R_111_D,111,D,129,30,9.28
D-111-S-30-T1,R_111_D,111,D,134,30,9.28
D-111-S-30-T2,R_111_D,111,D,134,30,9.28
D-111-S-60,R_111_D,111,D,159,60,25.24
D-111-S-T1,R_111_D,111,D,164,60,25.24
D-111-S-T2,R_111_D,111,D,164,60,25.24
D-112-P-5,R_112_D,112,D,109,5,0.73
D-112-P-10,R_112_D,112,D,114,10,1.72
D-112-P-15,R_112_D,112,D,119,15,2.96
D-112-P-20,R_112_D,112,D,124,20,4.21
D-112-P-30,R_112_D,112,D,134,30,7.07
D-112-P-30-T1,R_112_D,112,D,139,30,7.07
D-112-P-30-T2,R_112_D,112,D,139,30,7.07
D-112-P-60,R_112_D,112,D,164,60,19.35
D-112-P-T1,R_112_D,112,D,169,60,19.35
D-112-P-T2,R_112_D,112,D,169,60,19.35
D-307-C-5,R_307_D,307,D,41,5,1.09
D-307-C-10,R_307_D,307,D,46,10,5.44
D-307-C-15,R_307_D,307,D,51,15,6.93
D-307-C-20,R_307_D,307,D,56,20,9.90
D-307-C-30,R_307_D,307,D,66,30,16.66
D-307-C-30-T1,R_307_D,307,D,71,30,16.66
D-307-C-30-T2,R_307_D,307,D,71,30,16.66
D-307-D-60,R_307_D,307,D,96,60,38.46
D-307-D-T1,R_307_D,307,D,101,60,38.46
D-307-D-T2,R_307_D,307,D,101,60,38.46
D-308-X-5,R_308_D,308,D,50,5,1.74
D-308-X-10,R_308_D,308,D,55,10,3.33
D-308-X-15,R_308_D,308,D,60,15,5.08
D-308-X-20,R_308_D,308,D,65,20,7.24
D-308-X-30,R_308_D,308,D,75,30,11.90
D-308-X-30-T1,R_308_D,308,D,80,30,11.90
D-308-X-30-T2,R_308_D,308,D,80,30,11.90
D-308-X-60,R_308_D,308,D,105,60,29.57
D-308-X-T1,R_308_D,308,D,110,60,29.57
D-308-X-T2,R_308_D,308,D,110,60,29.57
D-407-X-5,R_407_D,407,D,94,5,0.98
D-407-X-10,R_407_D,407,D,99,10,2.31
D-407-X-15,R_407_D,407,D,104,15,4.18
D-407-X-20,R_407_D,407,D,109,20,6.23
D-407-X-30,R_407_D,407,D,119,30,11.05
D-407-X-30-T1,R_407_D,407,D,124,30,11.05
D-407-X-30-T2,R_407_D,407,D,124,30,11.05
D-407-X-60,R_407_D,407,D,149,60,29.55
D-407-X-T1,R_407_D,407,D,154,60,29.55
D-407-X-T2,R_407_D,407,D,154,60,29.55
D-408-P-5,R_408_D,408,D,124,5,0.25
D-408-P-10,R_408_D,408,D,129,10,0.63
D-408-P-15,R_408_D,408,D,134,15,1.14
D-408-P-20,R_408_D,408,D,139,20,1.69
D-408-P-30,R_408_D,408,D,149,30,3.48
D-408-P-30-T1,R_408_D,408,D,154,30,3.48
D-408-P-30-T2,R_408_D,408,D,154,30,3.48
D-408-P-60,R_408_D,408,D,179,60,11.44
D-408-P-T1,R_408_D,408,D,184,60,11.44
D-408-P-T2,R_408_D,408,D,184,60,11.44
D-106-P-5,R_106_D,106,D,55,5,0.57
D-106-P-10,R_106_D,106,D,60,10,2.51
D-106-P-15,R_106_D,106,D,65,15,4.94
D-106-P-20,R_106_D,106,D,70,20,8.02
D-106-P-30,R_106_D,106,D,80,30,15.49
D-106-P-30-T1,R_106_D,106,D,85,30,15.49
D-106-P-30-T2,R_106_D,106,D,85,30,15.49
D-106-P-60,R_106_D,106,D,110,60,40.46
D-106-P-T1,R_106_D,106,D,115,60,40.46
D-106-P-T2,R_106_D,106,D,115,60,40.46
D-105-X-5,R_105_D,105,D,42,5,1.03
D-105-X-10,R_105_D,105,D,47,10,2.68
D-105-X-15,R_105_D,105,D,52,15,4.82
D-105-X-20,R_105_D,105,D,57,20,7.66
D-105-X-30,R_105_D,105,D,67,30,14.06
D-105-X-30-T1,R_105_D,105,D,72,30,14.06
D-105-X-30-T2,R_105_D,105,D,72,30,14.06
D-105-X-60,R_105_D,105,D,97,60,44.32
D-105-X-T1,R_105_D,105,D,102,60,44.32
D-105-X-T2,R_105_D,105,D,102,60,44.32
D-503-C-5,R_503_D,503,D,57,5,1.21
D-503-C-10,R_503_D,503,D,62,10,2.80
D-503-C-15,R_503_D,503,D,67,15,4.69
D-503-C-20,R_503_D,503,D,72,20,6.82
D-503-C-30,R_503_D,503,D,82,30,12.05
D-503-C-30-T1,R_503_D,503,D,87,30,12.05
D-503-C-30-T2,R_503_D,503,D,87,30,12.05
D-503-C-60,R_503_D,503,D,112,60,32.13
D-503-C-T1,R_503_D,503,D,117,60,32.13
D-503-C-T2,R_503_D,503,D,117,60,32.13
D-504-X-5,R_504_D,504,D,38,5,1.58
D-504-X-10,R_504_D,504,D,43,10,4.80
D-504-X-15,R_504_D,504,D,48,15,8.97
D-504-X-20,R_504_D,504,D,53,20,13.56
D-504-X-30,R_504_D,504,D,63,30,25.22
D-504-X-30-T1,R_504_D,504,D,68,30,25.22
D-504-X-30-T2,R_504_D,504,D,68,30,25.22
D-504-X-60,R_504_D,504,D,93,60,68.78
D-504-X-T1,R_504_D,504,D,98,60,68.78
D-504-X-T2,R_504_D,504,D,98,60,68.78
D-401-S-5,R_401_D,401,D,53,5,0.91
D-401-S-10,R_401_D,401,D,58,10,2.71
D-401-S-15,R_401_D,401,D,63,15,5.39
D-401-S-20,R_401_D,401,D,68,20,8.84
D-401-S-30,R_401_D,401,D,78,30,16.52
D-401-S-30-T1,R_401_D,401,D,83,30,16.52
D-401-S-30-T2,R_401_D,401,D,93,30,16.52
D-401-S-60,R_401_D,401,D,108,60,43.89
D-401-S-T1,R_401_D,401,D,113,60,43.89
D-401-S-T2,R_401_D,401,D,113,60,43.89
D-402-X-5,R_402_D,402,D,56,5,1.66
D-402-X-10,R_402_D,402,D,61,10,4.64
D-402-X-15,R_402_D,402,D,66,15,8.28
D-402-X-20,R_402_D,402,D,71,20,12.34
D-402-X-30,R_402_D,402,D,81,30,21.19
D-402-X-30-T1,R_402_D,402,D,86,30,21.19
D-402-X-30-T2,R_402_D,402,D,86,30,21.19
D-402-X-60,R_402_D,402,D,111,60,51.00
D-402-X-T1,R_402_D,402,D,116,60,51.00
D-402-X-T2,R_402_D,402,D,116,60,51.00
D-201-P-5,R_201_D,201,D,57,5,0.52
D-201-P-10,R_201_D,201,D,62,10,1.47
D-201-P-15,R_201_D,201,D,67,15,2.94
D-201-P-20,R_201_D,201,D,72,20,4.79
D-201-P-30,R_201_D,201,D,82,30,8.89
D-201-P-30-T1,R_201_D,201,D,87,30,8.89
D-201-P-30-T2,R_201_D,201,D,87,30,8.89
D-201-P-60,R_201_D,201,D,112,60,24.94
D-201-P-T1,R_201_D,201,D,117,60,24.94
D-201-P-T2,R_201_D,201,D,117,60,24.94
D-202-S-5,R_202_D,202,D,58,5,0.74
D-202-S-10,R_202_D,202,D,63,10,1.38
D-202-S-15,R_202_D,202,D,68,15,2.36
D-202-S-20,R_202_D,202,D,73,20,3.61
D-202-S-30,R_202_D,202,D,83,30,7.10
D-202-S-30-T1,R_202_D,202,D,88,30,7.10
D-202-S-30-T2,R_202_D,202,D,88,30,7.10
D-202-S-60,R_202_D,202,D,113,60,20.33
D-202-S-T1,R_202_D,202,D,118,60,20.33
D-202-S-T2,R_202_D,202,D,118,60,20.33
D-403-C-5,R_403_D,403,D,,5,
D-403-C-10,R_403_D,403,D,,10,
D-403-C-15,R_403_D,403,D,,15,
D-403-C-20,R_403_D,403,D,,20,
D-403-C-30,R_403_D,403,D,,30,
D-403-C-30-T1,R_403_D,403,D,,30,
D-403-C-30-T2,R_403_D,403,D,,30,
D-403-C-60,R_403_D,403,D,,60,
D-403-C-T1,R_403_D,403,D,,60,
D-403-C-T2,R_403_D,403,D,,60,
D-404-P-5,R_404_D,404,D,153,5,0.88
D-404-P-10,R_404_D,404,D,158,10,1.77
D-404-P-15,R_404_D,404,D,163,15,2.73
D-404-P-20,R_404_D,404,D,168,20,3.71
D-404-P-30,R_404_D,404,D,178,30,6.07
D-404-P-30-T1,R_404_D,404,D,183,30,6.07
D-404-P-30-T2,R_404_D,404,D,183,30,6.07
D-404-P-60,R_404_D,404,D,208,60,15.02
D-404-P-T1,R_404_D,404,D,213,60,15.02
D-404-P-T2,R_404_D,404,D,213,60,15.02
D-409-C-5,R_409_D,409,D,111,5,0.25
D-409-C-10,R_409_D,409,D,116,10,0.50
D-409-C-15,R_409_D,409,D,121,15,0.78
D-409-C-20,R_409_D,409,D,126,20,1.12
D-409-C-30,R_409_D,409,D,136,30,2.03
D-409-C-30-T1,R_409_D,409,D,141,30,2.03
D-409-C-30-T2,R_409_D,409,D,141,30,2.03
D-409-C-60,R_409_D,409,D,166,60,5.97
D-409-C-T1,R_409_D,409,D,171,60,5.97
D-409-C-T2,R_409_D,409,D,171,60,5.97
D-410-S-5,R_410_D,410,D,218,5,0.56
D-410-S-10,R_410_D,410,D,233,10,0.98
D-410-S-15,R_410_D,410,D,228,15,1.50
D-410-S-20,R_410_D,410,D,233,20,2.16
D-410-S-30,R_410_D,410,D,243,30,3.61
D-410-S-30-T1,R_410_D,410,D,248,30,3.61
D-410-S-30-T2,R_410_D,410,D,248,30,3.61
D-410-S-60,R_410_D,410,D,273,60,8.85
D-410-S-T1,R_410_D,410,D,278,60,8.85
D-410-S-T2,R_410_D,410,D,278,60,8.85
,,,,,,
,,,,,,
,,,,,,
,,,,,,
,,,,,,
,,,,,,
,,,,,,
,,,,,,
,,,,,,
,,,,,,
,,,,,,
,,,,,,
,,,,,,
,,,,,,
,,,,,,
,,,,,,
,,,,,,
,,,,,,
,,,,,,
,,,,,,
,,,,,,
,,,,,,
,,,,,,
,,,,,,
,,,,,,
,,,,,,
,,,,,,
,,,,,,
,,,,,,
,,,,,,
,,,,,,
,,,,,,
