SampleID,PlotID,StudyID,SampleTypeID,RainfallTreatmentID,ManureTreatmentID,SampleVolume_ml,ElapsedTimeSinceRunoffStarted_Minutes,Notes
D -109-C-5,109,D,1,R_109_D,M_C_Day1_D_Spiked,361,5,
D -109-C-10,109,D,1,R_109_D,M_C_Day1_D_Spiked,381,10,
D -109-C-15,109,D,1,R_109_D,M_C_Day1_D_Spiked,941,15,
D -109-C-20,109,D,1,R_109_D,M_C_Day1_D_Spiked,540,20,
D -109-C-30,109,D,1,R_109_D,M_C_Day1_D_Spiked,531,30,
D-109-C-30-T1,109,D,2,R_109_D,M_C_Day1_D_Spiked,352,30,
D-109-C-30-T2,109,D,2,R_109_D,M_C_Day1_D_Spiked,10462,30,
D -109-C-60,109,D,1,R_109_D,M_C_Day1_D_Spiked,467,60,
D-109-C-T1,109,D,2,R_109_D,M_C_Day1_D_Spiked,453,60,
D-109-C-T2,109,D,2,R_109_D,M_C_Day1_D_Spiked,10262,60,
D-110-X-5,110,D,1,R_110_D,M_X_Day1_D,360,5,
D-110-X-10,110,D,1,R_110_D,M_X_Day1_D,474,10,
D-110-X-15,110,D,1,R_110_D,M_X_Day1_D,958,15,
D-110-X-20,110,D,1,R_110_D,M_X_Day1_D,397,20,
D-110-X-30,110,D,1,R_110_D,M_X_Day1_D,401,30,
D-110-X-30-T1,110,D,2,R_110_D,M_X_Day1_D,373,30,
D-110-X-30-T2,111,D,2,R_110_D,M_X_Day1_D,9862,30,
D-110-X-60,110,D,1,R_110_D,M_X_Day1_D,450,60,
D-110-X-T1,110,D,2,R_110_D,M_X_Day1_D,470,60,
D-110-X-T2,110,D,2,R_110_D,M_X_Day1_D,10062,60,
D-101-S-5,101,D,1,R_110_D,M_S_Day1_D_Spiked,766,5,
D-101-S-10,101,D,1,R_101_D,M_S_Day1_D_Spiked,794,10,
D-101-S-15,101,D,1,R_101_D,M_S_Day1_D_Spiked,998,15,
D-101-S-20,101,D,1,R_101_D,M_S_Day1_D_Spiked,792,20,
D-101-S-30,101,D,1,R_101_D,M_S_Day1_D_Spiked,829,30,
D-101-S-30-T1,101,D,1,R_101_D,M_S_Day1_D_Spiked,853,30,
D-101-S-30-T2,101,D,2,R_101_D,M_S_Day1_D_Spiked,10462,30,
D-101-S-60,101,D,1,R_101_D,M_S_Day1_D_Spiked,801,60,
D-101-S-T1,101,D,2,R_101_D,M_S_Day1_D_Spiked,725,60,
D-101-S-T2,101,D,2,R_101_D,M_S_Day1_D_Spiked,10462,60,
D-102-P-5,102,D,1,R_102_D,M_P_Day1_D_Spiked,735,5,
D-102-P-10,102,D,1,R_102_D,M_P_Day1_D_Spiked,828,10,
D-102-P-15,102,D,1,R_102_D,M_P_Day1_D_Spiked,967,15,
D-102-P-20,102,D,1,R_102_D,M_P_Day1_D_Spiked,759,20,
D-102-P-30,102,D,1,R_102_D,M_P_Day1_D_Spiked,754,30,
D-102-P-30-T1,102,D,1,R_102_D,M_P_Day1_D_Spiked,657,30,
D-102-P-30-T2,102,D,2,R_102_D,M_P_Day1_D_Spiked,7162,30,
D-102-P-60,102,D,1,R_102_D,M_P_Day1_D_Spiked,812,60,
D-102-P-T1,102,D,2,R_102_D,M_P_Day1_D_Spiked,798,60,
D-102-P-T2,102,D,2,R_102_D,M_P_Day1_D_Spiked,10162,60,
D-203-P-5,203,D,1,R_203_D,M_P_Day2_D_Spiked,524,5,
D-203-P-10,203,D,1,R_203_D,M_P_Day2_D_Spiked,527,10,
D-203-P-15,203,D,1,R_203_D,M_P_Day2_D_Spiked,855,15,
D-203-P-20,203,D,1,R_203_D,M_P_Day2_D_Spiked,546,20,
D-203-P-30,203,D,1,R_203_D,M_P_Day2_D_Spiked,618,30,
D-203-P-30-T1,203,D,2,R_203_D,M_P_Day2_D_Spiked,661,30,
D-203-P-30-T2,203,D,2,R_203_D,M_P_Day2_D_Spiked,2962,30,
D-203-P-60,203,D,1,R_203_D,M_P_Day2_D_Spiked,436,60,
D-203-P-T1,203,D,2,R_203_D,M_P_Day2_D_Spiked,655,60,
D-203-P-T2,203,D,2,R_203_D,M_P_Day2_D_Spiked,10362,60,
D-204-X-5,204,D,1,R_204_D,M_X_Day2_D,754,5,
D-204-X-10,204,D,1,R_204_D,M_X_Day2_D,831,10,
D-204-X-15,204,D,1,R_204_D,M_X_Day2_D,962,15,
D-204-X-20,204,D,1,R_204_D,M_X_Day2_D,876,20,
D-204-X-30,204,D,1,R_204_D,M_X_Day2_D,805,30,
D-204-X-30-T1,204,D,2,R_204_D,M_X_Day2_D,783,30,
D-204-X-30-T2,204,D,2,R_204_D,M_X_Day2_D,9762,30,
D-204-X-60,204,D,1,R_204_D,M_X_Day2_D,799,60,
D-204-X-T1,204,D,2,R_204_D,M_X_Day2_D,584,60,
D-204-X-T2,204,D,2,R_204_D,M_X_Day2_D,10062,60,
D-205-C-5,205,D,1,R_205_D,M_C_Day2_D_Spiked,766,5,
D-205-C-10,205,D,1,R_205_D,M_C_Day2_D_Spiked,530,10,
D-205-C-15,205,D,1,R_205_D,M_C_Day2_D_Spiked,960,15,
D-205-C-20,205,D,1,R_205_D,M_C_Day2_D_Spiked,506,20,
D-205-C-30,205,D,1,R_205_D,M_C_Day2_D_Spiked,577,30,
D-205-C-30-T1,205,D,2,R_205_D,M_C_Day2_D_Spiked,698,30,
D-205-C-30-T2,205,D,2,R_205_D,M_C_Day2_D_Spiked,9362,30,
D-205-C-60,205,D,1,R_205_D,M_C_Day2_D_Spiked,548,60,
D-205-C-T1,205,D,2,R_205_D,M_C_Day2_D_Spiked,630,60,
D-205-C-T2,205,D,2,R_205_D,M_C_Day2_D_Spiked,9662,60,
D-206-P-5,206,D,1,R_206_D,M_P_Day2_D_Spiked,551,5,
D-206-P-10,206,D,1,R_206_D,M_P_Day2_D_Spiked,564,10,
D-206-P-15,206,D,1,R_206_D,M_P_Day2_D_Spiked,981,15,
D-206-P-20,206,D,1,R_206_D,M_P_Day2_D_Spiked,699,20,
D-206-P-30,206,D,1,R_206_D,M_P_Day2_D_Spiked,588,30,
D-206-P-30-T1,206,D,2,R_206_D,M_P_Day2_D_Spiked,374,30,
D-206-P-30-T2,206,D,2,R_206_D,M_P_Day2_D_Spiked,3162,30,
D-206-P-60,206,D,1,R_206_D,M_P_Day2_D_Spiked,497,60,
D-206-P-T1,206,D,2,R_206_D,M_P_Day2_D_Spiked,468,60,
D-206-P-T2,206,D,2,R_206_D,M_P_Day2_D_Spiked,10862,60,
D-405-X-5,405,D,1,R_405_D,M_X_Day3_D,668,5,
D-405-X-10,405,D,1,R_405_D,M_X_Day3_D,703,10,
D-405-X-15,405,D,1,R_405_D,M_X_Day3_D,998,15,
D-405-X-20,405,D,1,R_405_D,M_X_Day3_D,927,20,
D-405-X-30,405,D,1,R_405_D,M_X_Day3_D,716,30,
D-405-X-30-T1,405,D,2,R_405_D,M_X_Day3_D,850,30,
D-405-X-30-T2,405,D,2,R_405_D,M_X_Day3_D,9362,30,
D-405-X-60,405,D,1,R_405_D,M_X_Day3_D,837,60,
D-405-X-T1,405,D,2,R_405_D,M_X_Day3_D,732,60,
D-405-X-T2,405,D,2,R_405_D,M_X_Day3_D,10762,60,
D-406-S-5,406,D,1,R_406_D,M_P_Day3_D_Spiked,844,5,
D-406-S-10,406,D,1,R_406_D,M_P_Day3_D_Spiked,677,10,
D-406-S-15,406,D,1,R_406_D,M_P_Day3_D_Spiked,963,15,
D-406-S-20,406,D,1,R_406_D,M_P_Day3_D_Spiked,824,20,
D-406-S-30,406,D,1,R_406_D,M_P_Day3_D_Spiked,801,30,
D-406-S-30-T1,406,D,2,R_406_D,M_P_Day3_D_Spiked,638,30,
D-406-S-30-T2,406,D,2,R_406_D,M_P_Day3_D_Spiked,8162,30,
D-406-S-60,406,D,1,R_406_D,M_P_Day3_D_Spiked,829,60,
D-406-S-T1,406,D,2,R_406_D,M_P_Day3_D_Spiked,734,60,
D-406-S-T2,406,D,2,R_406_D,M_P_Day3_D_Spiked,10362,60,
D-411-S-5,411,D,1,R_411_D,M_S_Day3_D_Spiked,492,5,
D-411-S-10,411,D,1,R_411_D,M_S_Day3_D_Spiked,501,10,
D-411-S-15,411,D,1,R_411_D,M_S_Day3_D_Spiked,970,15,
D-411-S-20,411,D,1,R_411_D,M_S_Day3_D_Spiked,555,20,
D-411-S-30,411,D,1,R_411_D,M_S_Day3_D_Spiked,588,30,
D-411-S-30-T1,411,D,2,R_411_D,M_S_Day3_D_Spiked,392,30,
D-411-S-30-T2,411,D,2,R_411_D,M_S_Day3_D_Spiked,2862,30,
D-411-S-60,411,D,1,R_411_D,M_S_Day3_D_Spiked,616,60,
D-411-S-T1,411,D,2,R_411_D,M_S_Day3_D_Spiked,463,60,
D-411-S-T2,411,D,2,R_411_D,M_S_Day3_D_Spiked,4862,60,
D-412-C-5,412,D,1,R_412_D,M_C_Day3_D_Spiked,398,5,
D-412-C-10,412,D,1,R_412_D,M_C_Day3_D_Spiked,453,10,
D-412-C-15,412,D,1,R_412_D,M_C_Day3_D_Spiked,901,15,
D-412-C-20,412,D,1,R_412_D,M_C_Day3_D_Spiked,436,20,
D-412-C-30,412,D,1,R_412_D,M_C_Day3_D_Spiked,403,30,
D-412-C-30-T1,412,D,2,R_412_D,M_C_Day3_D_Spiked,436,30,
D-412-C-30-T2,412,D,2,R_412_D,M_C_Day3_D_Spiked,3862,30,
D-412-C-60,412,D,1,R_412_D,M_C_Day3_D_Spiked,481,60,
D-412-C-T1,412,D,2,R_412_D,M_C_Day3_D_Spiked,523,60,
D-412-C-T2,412,D,2,R_412_D,M_C_Day3_D_Spiked,8262,60,
D-502-S-5,502,D,1,R_502_D,M_X_Day1_D,803,5,
D-502-S-10,502,D,1,R_502_D,M_X_Day1_D,826,10,
D-502-S-15,502,D,1,R_502_D,M_X_Day1_D,964,15,
D-502-S-20,502,D,1,R_502_D,M_X_Day1_D,839,20,
D-502-S-30,502,D,1,R_502_D,M_X_Day1_D,841,30,
D-502-S-30-T1,502,D,2,R_502_D,M_X_Day1_D,606,30,
D-502-S-30-T2,502,D,2,R_502_D,M_X_Day1_D,10562,30,
D-502-S-60,502,D,1,R_502_D,M_X_Day1_D,764,60,
D-502-S-T1,502,D,2,R_502_D,M_X_Day1_D,602,60,
D-502-S-T2,502,D,2,R_502_D,M_X_Day1_D,10062,60,
D-501-X-5,501,D,1,R_501_D,M_S_Day1_D_Spiked,715,5,
D-501-X-10,501,D,1,R_501_D,M_S_Day1_D_Spiked,708,10,
D-501-X-15,501,D,1,R_501_D,M_S_Day1_D_Spiked,975,15,
D-501-X-20,501,D,1,R_501_D,M_S_Day1_D_Spiked,703,20,
D-501-X-30,501,D,1,R_501_D,M_S_Day1_D_Spiked,648,30,
D-501-X-30-T1,501,D,2,R_501_D,M_S_Day1_D_Spiked,648,30,
D-501-X-30-T2,501,D,2,R_501_D,M_S_Day1_D_Spiked,9362,30,
D-501-X-60,501,D,1,R_501_D,M_S_Day1_D_Spiked,691,60,
D-501-X-T1,501,D,2,R_501_D,M_S_Day1_D_Spiked,570,60,
D-501-X-T2,501,D,2,R_501_D,M_S_Day1_D_Spiked,10062,60,
D-107-C-5,107,D,1,R_107_D,M_C_Day1_D_Spiked,604,5,
D-107-C-10,107,D,1,R_107_D,M_C_Day1_D_Spiked,492,10,
D-107-C-15,107,D,1,R_107_D,M_C_Day1_D_Spiked,950,15,
D-107-C-20,107,D,1,R_107_D,M_C_Day1_D_Spiked,496,20,
D-107-C-30,107,D,1,R_107_D,M_C_Day1_D_Spiked,497,30,
D-107-C-30-T1,107,D,2,R_107_D,M_C_Day1_D_Spiked,495,30,
D-107-C-30-T2,107,D,2,R_107_D,M_C_Day1_D_Spiked,9562,30,
D-107-C-60,107,D,1,R_107_D,M_C_Day1_D_Spiked,537,60,
D-107-C-T1,107,D,2,R_107_D,M_C_Day1_D_Spiked,480,60,
D-107-C-T2,107,D,2,R_107_D,M_C_Day1_D_Spiked,9562,60,
D-108-P-5,108,D,1,R_108_D,M_P_Day1_D_Spiked,463,5,
D-108-P-10,108,D,1,R_108_D,M_P_Day1_D_Spiked,449,10,
D-108-P-15,108,D,1,R_108_D,M_P_Day1_D_Spiked,942,15,
D-108-P-20,108,D,1,R_108_D,M_P_Day1_D_Spiked,458,20,
D-108-P-30,108,D,1,R_108_D,M_P_Day1_D_Spiked,457,30,
D-108-P-30-T1,108,D,2,R_108_D,M_P_Day1_D_Spiked,438,30,
D-108-P-30-T2,108,D,2,R_108_D,M_P_Day1_D_Spiked,7462,30,
D-108-P-60,108,D,1,R_108_D,M_P_Day1_D_Spiked,430,60,
D-108-P-T1,108,D,2,R_108_D,M_P_Day1_D_Spiked,597,60,
D-108-P-T2,108,D,2,R_108_D,M_P_Day1_D_Spiked,8562,60,
D-209-C-5,209,D,1,R_209_D,M_C_Day2_D_Spiked,519,5,
D-209-C-10,209,D,1,R_209_D,M_C_Day2_D_Spiked,581,10,
D-209-C-15,209,D,1,R_209_D,M_C_Day2_D_Spiked,979,15,
D-209-C-20,209,D,1,R_209_D,M_C_Day2_D_Spiked,585,20,
D-209-C-30,209,D,1,R_209_D,M_C_Day2_D_Spiked,613,30,
D-209-C-30-T1,209,D,2,R_209_D,M_C_Day2_D_Spiked,517,30,
D-209-C-30-T2,209,D,2,R_209_D,M_C_Day2_D_Spiked,2662,30,
D-209-C-60,209,D,1,R_209_D,M_C_Day2_D_Spiked,638,60,
D-209-C-T1,209,D,2,R_209_D,M_C_Day2_D_Spiked,576,60,
D-209-C-T2,209,D,2,R_209_D,M_C_Day2_D_Spiked,10262,60,
D-210-S-5,210,D,1,R_210_D,M_S_Day2_D_Spiked,660,5,
D-210-S-10,210,D,1,R_210_D,M_S_Day2_D_Spiked,568,10,
D-210-S-15,210,D,1,R_210_D,M_S_Day2_D_Spiked,968,15,
D-210-S-20,210,D,1,R_210_D,M_S_Day2_D_Spiked,657,20,
D-210-S-30,210,D,1,R_210_D,M_S_Day2_D_Spiked,638,30,
D-210-S-30-T1,210,D,2,R_210_D,M_S_Day2_D_Spiked,536,30,
D-210-S-30-T2,210,D,2,R_210_D,M_S_Day2_D_Spiked,2962,30,
D-210-S-60,210,D,1,R_210_D,M_S_Day2_D_Spiked,669,60,
D-210-S-T1,210,D,2,R_210_D,M_S_Day2_D_Spiked,639,60,
D-210-S-T2,210,D,2,R_210_D,M_S_Day2_D_Spiked,10562,60,
D-111-S-5,111,D,1,R_111_D,M_S_Day2_D_Spiked,450,5,
D-111-S-10,111,D,1,R_111_D,M_S_Day2_D_Spiked,487,10,
D-111-S-15,111,D,1,R_111_D,M_S_Day2_D_Spiked,972,15,
D-111-S-20,111,D,1,R_111_D,M_S_Day2_D_Spiked,481,20,
D-111-S-30,111,D,1,R_111_D,M_S_Day2_D_Spiked,480,30,
D-111-S-30-T1,111,D,2,R_111_D,M_S_Day2_D_Spiked,451,30,
D-111-S-30-T2,111,D,2,R_111_D,M_S_Day2_D_Spiked,4562,30,
D-111-S-60,111,D,1,R_111_D,M_S_Day2_D_Spiked,451,60,
D-111-S-T1,111,D,2,R_111_D,M_S_Day2_D_Spiked,551,60,
D-111-S-T2,111,D,2,R_111_D,M_S_Day2_D_Spiked,862,60,
D-112-P-5,112,D,1,R_112_D,M_P_Day2_D_Spiked,432,5,
D-112-P-10,112,D,1,R_112_D,M_P_Day2_D_Spiked,489,10,
D-112-P-15,112,D,1,R_112_D,M_P_Day2_D_Spiked,935,15,
D-112-P-20,112,D,1,R_112_D,M_P_Day2_D_Spiked,451,20,
D-112-P-30,112,D,1,R_112_D,M_P_Day2_D_Spiked,453,30,
D-112-P-30-T1,112,D,2,R_112_D,M_P_Day2_D_Spiked,424,30,
D-112-P-30-T2,112,D,2,R_112_D,M_P_Day2_D_Spiked,3462,30,
D-112-P-60,112,D,1,R_112_D,M_P_Day2_D_Spiked,469,60,
D-112-P-T1,112,D,2,R_112_D,M_P_Day2_D_Spiked,459,60,
D-112-P-T2,112,D,2,R_112_D,M_P_Day2_D_Spiked,8562,60,
D-307-C-5,307,D,1,R_307_D,M_C_Day3_D_Spiked,488,5,
D-307-C-10,307,D,1,R_307_D,M_C_Day3_D_Spiked,458,10,
D-307-C-15,307,D,1,R_307_D,M_C_Day3_D_Spiked,980,15,
D-307-C-20,307,D,1,R_307_D,M_C_Day3_D_Spiked,461,20,
D-307-C-30,307,D,1,R_307_D,M_C_Day3_D_Spiked,457,30,
D-307-C-30-T1,307,D,2,R_307_D,M_C_Day3_D_Spiked,447,30,
D-307-C-30-T2,307,D,2,R_307_D,M_C_Day3_D_Spiked,8362,30,
D-307-C-60,307,D,1,R_307_D,M_C_Day3_D_Spiked,479,60,
D-307-C-T1,307,D,2,R_307_D,M_C_Day3_D_Spiked,505,60,
D-307-C-T2,307,D,2,R_307_D,M_C_Day3_D_Spiked,10062,60,
D-308-X-5,308,D,1,R_308_D,M_X_Day3_D,436,5,
D-308-X-10,308,D,1,R_308_D,M_X_Day3_D,488,10,
D-308-X-15,308,D,1,R_308_D,M_X_Day3_D,954,15,
D-308-X-20,308,D,1,R_308_D,M_X_Day3_D,454,20,
D-308-X-30,308,D,1,R_308_D,M_X_Day3_D,459,30,
D-308-X-30-T1,308,D,2,R_308_D,M_X_Day3_D,508,30,
D-308-X-30-T2,308,D,2,R_308_D,M_X_Day3_D,7362,30,
D-308-X-60,308,D,1,R_308_D,M_X_Day3_D,453,60,
D-308-X-T1,308,D,2,R_308_D,M_X_Day3_D,506,60,
D-308-X-T2,308,D,2,R_308_D,M_X_Day3_D,10062,60,
D-407-X-5,407,D,1,R_407_D,M_X_Day3_D,580,5,
D-407-X-10,407,D,1,R_407_D,M_X_Day3_D,631,10,
D-407-X-15,407,D,1,R_407_D,M_X_Day3_D,966,15,
D-407-X-20,407,D,1,R_407_D,M_X_Day3_D,650,20,
D-407-X-30,407,D,1,R_407_D,M_X_Day3_D,612,30,
D-407-X-30-T1,407,D,2,R_407_D,M_X_Day3_D,458,30,
D-407-X-30-T2,407,D,2,R_407_D,M_X_Day3_D,5362,30,
D-407-X-60,407,D,1,R_407_D,M_X_Day3_D,535,60,
D-407-X-T1,407,D,2,R_407_D,M_X_Day3_D,519,60,
D-407-X-T2,407,D,2,R_407_D,M_X_Day3_D,10862,60,
D-408-P-5,408,D,1,R_408_D,M_P_Day3_D_Spiked,254,5,
D-408-P-10,408,D,1,R_408_D,M_P_Day3_D_Spiked,375,10,
D-408-P-15,408,D,1,R_408_D,M_P_Day3_D_Spiked,513,15,
D-408-P-20,408,D,1,R_408_D,M_P_Day3_D_Spiked,448,20,
D-408-P-30,408,D,1,R_408_D,M_P_Day3_D_Spiked,489,30,
D-408-P-30-T1,408,D,2,R_408_D,M_P_Day3_D_Spiked,431,30,
D-408-P-30-T2,408,D,2,R_408_D,M_P_Day3_D_Spiked,0,30,
D-408-P-60,408,D,1,R_408_D,M_P_Day3_D_Spiked,454,60,
D-408-P-T1,408,D,2,R_408_D,M_P_Day3_D_Spiked,522,60,
D-408-P-T2,408,D,2,R_408_D,M_P_Day3_D_Spiked,7062,60,
D-106-P-5,106,D,1,R_106_D,M_P_Day1_D_Spiked,467,5,
D-106-P-10,106,D,1,R_106_D,M_P_Day1_D_Spiked,439,10,
D-106-P-15,106,D,1,R_106_D,M_P_Day1_D_Spiked,925,15,
D-106-P-20,106,D,1,R_106_D,M_P_Day1_D_Spiked,486,20,
D-106-P-30,106,D,1,R_106_D,M_P_Day1_D_Spiked,463,30,
D-106-P-30-T1,106,D,2,R_106_D,M_P_Day1_D_Spiked,418,30,
D-106-P-30-T2,106,D,2,R_106_D,M_P_Day1_D_Spiked,8562,30,
D-106-P-60,106,D,1,R_106_D,M_P_Day1_D_Spiked,444,60,
D-106-P-T1,106,D,2,R_106_D,M_P_Day1_D_Spiked,462,60,
D-106-P-T2,106,D,2,R_106_D,M_P_Day1_D_Spiked,10362,60,
D-105-X-5,105,D,1,R_105_D,M_X_Day1_D,428,5,
D-105-X-10,105,D,1,R_105_D,M_X_Day1_D,445,10,
D-105-X-15,105,D,1,R_105_D,M_X_Day1_D,941,15,
D-105-X-20,105,D,1,R_105_D,M_X_Day1_D,440,20,
D-105-X-30,105,D,1,R_105_D,M_X_Day1_D,492,30,
D-105-X-30-T1,105,D,2,R_105_D,M_X_Day1_D,488,30,
D-105-X-30-T2,105,D,2,R_105_D,M_X_Day1_D,9962,30,
D-105-X-60,105,D,1,R_105_D,M_X_Day1_D,435,60,
D-105-X-T1,105,D,2,R_105_D,M_X_Day1_D,514,60,
D-105-X-T2,105,D,2,R_105_D,M_X_Day1_D,9862,60,
D-503-C-5,503,D,1,R_503_D,M_C_Day1_D_Spiked,607,5,
D-503-C-10,503,D,1,R_503_D,M_C_Day1_D_Spiked,595,10,
D-503-C-15,503,D,1,R_503_D,M_C_Day1_D_Spiked,987,15,
D-503-C-20,503,D,1,R_503_D,M_C_Day1_D_Spiked,628,20,
D-503-C-30,503,D,1,R_503_D,M_C_Day1_D_Spiked,621,30,
D-503-C-30-T1,503,D,2,R_503_D,M_C_Day1_D_Spiked,644,30,
D-503-C-30-T2,503,D,2,R_503_D,M_C_Day1_D_Spiked,4762,30,
D-503-C-60,503,D,1,R_503_D,M_C_Day1_D_Spiked,664,60,
D-503-C-T1,503,D,2,R_503_D,M_C_Day1_D_Spiked,577,60,
D-503-C-T2,503,D,2,R_503_D,M_C_Day1_D_Spiked,10162,60,
D-504-X-5,504,D,1,R_504_D,M_X_Day1_D,478,5,
D-504-X-10,504,D,1,R_504_D,M_X_Day1_D,515,10,
D-504-X-15,504,D,1,R_504_D,M_X_Day1_D,964,15,
D-504-X-20,504,D,1,R_504_D,M_X_Day1_D,591,20,
D-504-X-30,504,D,1,R_504_D,M_X_Day1_D,450,30,
D-504-X-30-T1,504,D,2,R_504_D,M_X_Day1_D,632,30,
D-504-X-30-T2,504,D,2,R_504_D,M_X_Day1_D,10362,30,
D-504-X-60,504,D,1,R_504_D,M_X_Day1_D,518,60,
D-504-X-T1,504,D,2,R_504_D,M_X_Day1_D,551,60,
D-504-X-T2,504,D,2,R_504_D,M_X_Day1_D,10562,60,
D-401-S-5,401,D,1,R_401_D,M_S_Day2_D_Spiked,510,5,
D-401-S-10,401,D,1,R_401_D,M_S_Day2_D_Spiked,498,10,
D-401-S-15,401,D,1,R_401_D,M_S_Day2_D_Spiked,975,15,
D-401-S-20,401,D,1,R_401_D,M_S_Day2_D_Spiked,452,20,
D-401-S-30,401,D,1,R_401_D,M_S_Day2_D_Spiked,468,30,
D-401-S-30-T1,401,D,2,R_401_D,M_S_Day2_D_Spiked,484,30,
D-401-S-30-T2,401,D,2,R_401_D,M_S_Day2_D_Spiked,10062,30,
D-401-S-60,401,D,1,R_401_D,M_S_Day2_D_Spiked,444,60,
D-401-S-T1,401,D,2,R_401_D,M_S_Day2_D_Spiked,518,60,
D-401-S-T2,401,D,2,R_401_D,M_S_Day2_D_Spiked,10162,60,
D-402-X-5,402,D,1,R_402_D,M_X_Day2_D,457,5,
D-402-X-10,402,D,1,R_402_D,M_X_Day2_D,482,10,
D-402-X-15,402,D,1,R_402_D,M_X_Day2_D,933,15,
D-402-X-20,402,D,1,R_402_D,M_X_Day2_D,454,20,
D-402-X-30,402,D,1,R_402_D,M_X_Day2_D,442,30,
D-402-X-30-T1,402,D,2,R_402_D,M_X_Day2_D,512,30,
D-402-X-30-T2,402,D,2,R_402_D,M_X_Day2_D,10262,30,
D-402-X-60,402,D,1,R_402_D,M_X_Day2_D,486,60,
D-402-X-T1,402,D,2,R_402_D,M_X_Day2_D,552,60,
D-402-X-T2,402,D,2,R_402_D,M_X_Day2_D,10462,60,
D-201-P-5,201,D,1,R_201_D,M_P_Day2_D_Spiked,419,5,
D-201-P-10,201,D,1,R_201_D,M_P_Day2_D_Spiked,452,10,
D-201-P-15,201,D,1,R_201_D,M_P_Day2_D_Spiked,970,15,
D-201-P-20,201,D,1,R_201_D,M_P_Day2_D_Spiked,446,20,
D-201-P-30,201,D,1,R_201_D,M_P_Day2_D_Spiked,497,30,
D-201-P-30-T1,201,D,2,R_201_D,M_P_Day2_D_Spiked,442,30,
D-201-P-30-T2,201,D,2,R_201_D,M_P_Day2_D_Spiked,4662,30,
D-201-P-60,201,D,1,R_201_D,M_P_Day2_D_Spiked,433,60,
D-201-P-T1,201,D,2,R_201_D,M_P_Day2_D_Spiked,501,60,
D-201-P-T2,201,D,2,R_201_D,M_P_Day2_D_Spiked,9362,60,
D-202-S-5,202,D,1,R_202_D,M_S_Day2_D_Spiked,436,5,
D-202-S-10,202,D,1,R_202_D,M_S_Day2_D_Spiked,443,10,
D-202-S-15,202,D,1,R_202_D,M_S_Day2_D_Spiked,882,15,
D-202-S-20,202,D,1,R_202_D,M_S_Day2_D_Spiked,447,20,
D-202-S-30,202,D,1,R_202_D,M_S_Day2_D_Spiked,486,30,
D-202-S-30-T1,202,D,2,R_202_D,M_S_Day2_D_Spiked,416,30,
D-202-S-30-T2,202,D,2,R_202_D,M_S_Day2_D_Spiked,2962,30,
D-202-S-60,202,D,1,R_202_D,M_S_Day2_D_Spiked,420,60,
D-202-S-T1,202,D,2,R_202_D,M_S_Day2_D_Spiked,427,60,
D-202-S-T2,202,D,2,R_202_D,M_S_Day2_D_Spiked,7762,60,
D-403-C-5,403,D,1,R_403_D,M_C_Day3_D_Spiked,0,5,
D-403-C-10,403,D,1,R_403_D,M_C_Day3_D_Spiked,0,10,
D-403-C-15,403,D,1,R_403_D,M_C_Day3_D_Spiked,0,15,
D-403-C-20,403,D,1,R_403_D,M_C_Day3_D_Spiked,0,20,
D-403-C-30,403,D,1,R_403_D,M_C_Day3_D_Spiked,0,30,
D-403-C-30-T1,403,D,2,R_403_D,M_C_Day3_D_Spiked,0,30,
D-403-C-30-T2,403,D,2,R_403_D,M_C_Day3_D_Spiked,0,30,
D-403-C-60,403,D,1,R_403_D,M_C_Day3_D_Spiked,0,60,
D-403-C-T1,403,D,2,R_403_D,M_C_Day3_D_Spiked,0,60,
D-403-C-T2,403,D,2,R_403_D,M_C_Day3_D_Spiked,0,60,
D-404-P-5,404,D,1,R_404_D,M_P_Day3_D_Spiked,483,5,
D-404-P-10,404,D,1,R_404_D,M_P_Day3_D_Spiked,486,10,
D-404-P-15,404,D,1,R_404_D,M_P_Day3_D_Spiked,962,15,
D-404-P-20,404,D,1,R_404_D,M_P_Day3_D_Spiked,475,20,
D-404-P-30,404,D,1,R_404_D,M_P_Day3_D_Spiked,461,30,
D-404-P-30-T1,404,D,2,R_404_D,M_P_Day3_D_Spiked,500,30,
D-404-P-30-T2,404,D,2,R_404_D,M_P_Day3_D_Spiked,0,30,
D-404-P-60,404,D,1,R_404_D,M_P_Day3_D_Spiked,436,60,
D-404-P-T1,404,D,2,R_404_D,M_P_Day3_D_Spiked,505,60,
D-404-P-T2,404,D,2,R_404_D,M_P_Day3_D_Spiked,7862,60,
D-409-C-5,409,D,1,R_409_D,M_C_Day3_D_Spiked,246,5,
D-409-C-10,409,D,1,R_409_D,M_C_Day3_D_Spiked,251,10,
D-409-C-15,409,D,1,R_409_D,M_C_Day3_D_Spiked,282,15,
D-409-C-20,409,D,1,R_409_D,M_C_Day3_D_Spiked,344,20,
D-409-C-30,409,D,1,R_409_D,M_C_Day3_D_Spiked,403,30,
D-409-C-30-T1,409,D,2,R_409_D,M_C_Day3_D_Spiked,0,30,
D-409-C-30-T2,409,D,2,R_409_D,M_C_Day3_D_Spiked,0,30,
D-409-C-60,409,D,1,R_409_D,M_C_Day3_D_Spiked,441,60,
D-409-C-T1,409,D,2,R_409_D,M_C_Day3_D_Spiked,467,60,
D-409-C-T2,409,D,2,R_409_D,M_C_Day3_D_Spiked,3662,60,
D-410-S-5,410,D,1,R_410_D,M_S_Day3_D_Spiked,455,5,
D-410-S-10,410,D,1,R_410_D,M_S_Day3_D_Spiked,429,10,
D-410-S-15,410,D,1,R_410_D,M_S_Day3_D_Spiked,513,15,
D-410-S-20,410,D,1,R_410_D,M_S_Day3_D_Spiked,466,20,
D-410-S-30,410,D,1,R_410_D,M_S_Day3_D_Spiked,445,30,
D-410-S-30-T1,410,D,2,R_410_D,M_S_Day3_D_Spiked,313,30,
D-410-S-30-T2,410,D,2,R_410_D,M_S_Day3_D_Spiked,0,30,
D-410-S-60,410,D,1,R_410_D,M_S_Day3_D_Spiked,479,60,
D-410-S-T1,410,D,2,R_410_D,M_S_Day3_D_Spiked,485,60,
D-410-S-T2,410,D,2,R_410_D,M_S_Day3_D_Spiked,4562,60,
